source_id,source_url,publication,publisher,year,location,country,species,observation_type,tree_id,tree_stage,tree_age_if_known,measurement_start_date,measurement_end_date,elapsed_days,height_start_m,height_end_m,height_growth_m,crown_width_start_m,crown_width_end_m,crown_growth_m,dbh_start_cm,dbh_end_cm,girth_start_m,girth_end_m,previous_clearance_m,current_clearance_m,crown_extension_start_m,crown_extension_end_m,pruning_date,pruning_severity,maintenance_reason,temperature,humidity,rainfall,metric_name,metric_value,metric_unit,sample_size,data_quality,verified,license_or_terms,date_accessed,notes,conductor_id,previous_conductor_id,measurement_method,previous_measurement_method,comparable_measurements_verified,extension_toward_conductor_verified,measurement_axis_id,synthetic,fabricated,clearance_closure_rate_m_per_day,crown_extension_rate_m_per_day,crown_area_start_m2,previous_pruning_severity,time_since_last_pruning_days,history_previous_height_m,history_previous_crown_width_m,history_previous_crown_area_m2,history_previous_clearance_m,history_elapsed_days
wong_1981_angsana,https://www.nparks.gov.sg/sbg/research/publications/gardens-bulletin-singapore/-/media/sbg/gardens-bulletin/4-4-34-2-01-y1981-v34p2-gbs-pg-189.pdf,Horticultural Notes on the Angsana; Gardens Bulletin Singapore 34:189-201,Parks and Recreation Department Singapore / NParks,1981,Singapore; mesic planting sites,Singapore,angsana,aggregate_growth,,,,,,,3.7,,,,,,,,0.6,,,,,,,,,,,,height_increment_m_per_year,1.66,m/year,,published_aggregate_reference,true,Factual numeric extraction with attribution; publication redistribution rights not assumed,2026-09-10,Wong Yew Kwan; abstract p189. Transplanted stumps; also reports girth increment 14 cm/year. Pterocarpus indicus; height and girth cannot supply crown/conductor closure rate.,,,,,,,,,,,,,,,,,,,
wong_1981_angsana,https://www.nparks.gov.sg/sbg/research/publications/gardens-bulletin-singapore/-/media/sbg/gardens-bulletin/4-4-34-2-01-y1981-v34p2-gbs-pg-189.pdf,Horticultural Notes on the Angsana; Gardens Bulletin Singapore 34:189-201,Parks and Recreation Department Singapore / NParks,1981,Paya Lebar Road centre divider; Singapore,Singapore,angsana,aggregate_growth,,,,,,,,,,,,,,,0.6,0.9,,,,,,,,,,,girth_increment_cm_per_year,4.3,cm/year,,published_aggregate_reference,true,Factual numeric extraction with attribution; publication redistribution rights not assumed,2026-09-10,Wong Yew Kwan p197; root-bound plantings established 1974; reported seven-year interval without exact dates. Pterocarpus indicus; site-limited aggregate; no crown or clearance observations.,,,,,,,,,,,,,,,,,,,
susanto_2020_khdtk_ulm,https://doi.org/10.20527/jss.v3i6.4720,Jurnal Sylva Scienteae 3(6):1038-1047,Universitas Lambung Mangkurat,2020,KHDTK ULM Mandiangin Kabupaten Banjar; planting cohort 2011,Indonesia,angsana,aggregate_growth,,,,,,,,,,,,,,,,,,,,,,,,,,,height_mai_m_per_year,0.41,m/year,,published_cohort_mean,true,CC BY-SA 4.0; Susanto H; Suyanto; Asyari M,2026-09-10,Table 6; Pterocarpus indicus; DBH MAI 0.98 cm/year. MAI=size/age; not repeated crown/clearance measurements. Cohort is not observation date.,,,,,,,,,,,,,,,,,,,
susanto_2020_khdtk_ulm,https://doi.org/10.20527/jss.v3i6.4720,Jurnal Sylva Scienteae 3(6):1038-1047,Universitas Lambung Mangkurat,2020,KHDTK ULM Mandiangin Kabupaten Banjar; planting cohort 2012,Indonesia,angsana,aggregate_growth,,,,,,,,,,,,,,,,,,,,,,,,,,,height_mai_m_per_year,0.75,m/year,,published_cohort_mean,true,CC BY-SA 4.0; Susanto H; Suyanto; Asyari M,2026-09-10,Table 6; Pterocarpus indicus; DBH MAI 1.45 cm/year. MAI=size/age; not repeated crown/clearance measurements. Cohort is not observation date.,,,,,,,,,,,,,,,,,,,
susanto_2020_khdtk_ulm,https://doi.org/10.20527/jss.v3i6.4720,Jurnal Sylva Scienteae 3(6):1038-1047,Universitas Lambung Mangkurat,2020,KHDTK ULM Mandiangin Kabupaten Banjar; planting cohort 2013,Indonesia,angsana,aggregate_growth,,,,,,,,,,,,,,,,,,,,,,,,,,,height_mai_m_per_year,1.18,m/year,,published_cohort_mean,true,CC BY-SA 4.0; Susanto H; Suyanto; Asyari M,2026-09-10,Table 6; Pterocarpus indicus; DBH MAI 1.4 cm/year. MAI=size/age; not repeated crown/clearance measurements. Cohort is not observation date.,,,,,,,,,,,,,,,,,,,
susanto_2020_khdtk_ulm,https://doi.org/10.20527/jss.v3i6.4720,Jurnal Sylva Scienteae 3(6):1038-1047,Universitas Lambung Mangkurat,2020,KHDTK ULM Mandiangin Kabupaten Banjar; planting cohort 2014,Indonesia,angsana,aggregate_growth,,,,,,,,,,,,,,,,,,,,,,,,,,,height_mai_m_per_year,0.77,m/year,,published_cohort_mean,true,CC BY-SA 4.0; Susanto H; Suyanto; Asyari M,2026-09-10,Table 6; Pterocarpus indicus; DBH MAI 1.55 cm/year. MAI=size/age; not repeated crown/clearance measurements. Cohort is not observation date.,,,,,,,,,,,,,,,,,,,
susanto_2020_khdtk_ulm,https://doi.org/10.20527/jss.v3i6.4720,Jurnal Sylva Scienteae 3(6):1038-1047,Universitas Lambung Mangkurat,2020,KHDTK ULM Mandiangin Kabupaten Banjar; planting cohort 2015,Indonesia,angsana,aggregate_growth,,,,,,,,,,,,,,,,,,,,,,,,,,,height_mai_m_per_year,1.18,m/year,,published_cohort_mean,true,CC BY-SA 4.0; Susanto H; Suyanto; Asyari M,2026-09-10,Table 6; Pterocarpus indicus; DBH MAI 2.29 cm/year. MAI=size/age; not repeated crown/clearance measurements. Cohort is not observation date.,,,,,,,,,,,,,,,,,,,
patiung_2003_seedlings,https://etd.repository.ugm.ac.id/penelitian/detail/221059,Studi altitudinal dan dosis pupuk TSP terhadap pertumbuhan semai Pterocarpus indicus provenans Timor umur 3 bulan,Universitas Gadjah Mada,2003,Klebengan greenhouse Yogyakarta; Timor provenance,Indonesia,angsana,experimental_growth,,seedling,3 months,,,,,,0.1611,,,,,,,,,,,,,,,,,,treatment_mean_height_growth_m,0.1611,m,,experimental_treatment_aggregate,true,Repository copyright; factual abstract extraction with citation only,2026-09-10,Onesimus Patiung; Moh Na'iem. A3P2: 400 m seed-source altitude and 10 g TSP; experiment April-November 2002. Exact interval dates unavailable. Seedling response cannot dictate mature urban crown growth.,,,,,,,,,,,,,,,,,,,
yudhistira_2015_crown_maintenance,https://etd.repository.ugm.ac.id/penelitian/detail/90859,Pemeliharaan Tajuk Angsana pada Hutan Kota Yogyakarta,Universitas Gadjah Mada,2015,Yogyakarta; seven surveyed roads,Indonesia,angsana,aggregate_growth,,,,,,,,,,,,,,,,,,,,,,,,,,,surveyed_roads_count,7,roads,,qualitative_maintenance_context,true,Repository copyright; factual abstract extraction with citation only,2026-09-10,Rahadian Yudhistira; Atus Syahbudin; Ronggo Sadono. Exploration and agency interviews. Public abstract gives no numeric pruning interval or conductor-clearance series; these remain missing.,,,,,,,,,,,,,,,,,,,
jakarta_tamhut_2026-02-26,https://distamhut.jakarta.go.id/pemangkasan-pohon-info/2026-02-26,Pemangkasan Pohon 2026-02-26,Dinas Pertamanan dan Hutan Kota DKI Jakarta,2026,Jakarta; Srengseng Sawah; Jl M Kahfi 2,Indonesia,angsana,maintenance_event,,,,,,,,,,,,,,,,,,,,,2026-02-26,ringan=2,,,,,reported_tree_actions_count,2,tree_actions,2,official_location_daily_aggregate,true,Factual administrative table extraction with attribution; no publication reuse license assumed,2026-09-10,"Angsana as reported; no tree IDs or measured growth/clearance. Counts are actions at a location, not individual training rows. February extraction is a partial daily subset; do not infer seasonality from this sample.",,,,,,,,,,,,,,,,,,,
jakarta_tamhut_2026-02-26,https://distamhut.jakarta.go.id/pemangkasan-pohon-info/2026-02-26,Pemangkasan Pohon 2026-02-26,Dinas Pertamanan dan Hutan Kota DKI Jakarta,2026,Jakarta; Pasar Minggu; Jl Rajawali,Indonesia,angsana,maintenance_event,,,,,,,,,,,,,,,,,,,,,2026-02-26,sedang=1,,,,,reported_tree_actions_count,1,tree_actions,1,official_location_daily_aggregate,true,Factual administrative table extraction with attribution; no publication reuse license assumed,2026-09-10,"Angsana as reported; no tree IDs or measured growth/clearance. Counts are actions at a location, not individual training rows. February extraction is a partial daily subset; do not infer seasonality from this sample.",,,,,,,,,,,,,,,,,,,
jakarta_tamhut_2026-02-26,https://distamhut.jakarta.go.id/pemangkasan-pohon-info/2026-02-26,Pemangkasan Pohon 2026-02-26,Dinas Pertamanan dan Hutan Kota DKI Jakarta,2026,Jakarta; Gandaria Selatan; Jl Poncol,Indonesia,angsana,maintenance_event,,,,,,,,,,,,,,,,,,,,,2026-02-26,berat=1,,,,,reported_tree_actions_count,1,tree_actions,1,official_location_daily_aggregate,true,Factual administrative table extraction with attribution; no publication reuse license assumed,2026-09-10,"Angsana as reported; no tree IDs or measured growth/clearance. Counts are actions at a location, not individual training rows. February extraction is a partial daily subset; do not infer seasonality from this sample.",,,,,,,,,,,,,,,,,,,
jakarta_tamhut_2026-02-26,https://distamhut.jakarta.go.id/pemangkasan-pohon-info/2026-02-26,Pemangkasan Pohon 2026-02-26,Dinas Pertamanan dan Hutan Kota DKI Jakarta,2026,Jakarta; Grogol Utara; Jl Patal Senayan,Indonesia,angsana,maintenance_event,,,,,,,,,,,,,,,,,,,,,2026-02-26,ringan=1;berat=4,,,,,reported_tree_actions_count,5,tree_actions,5,official_location_daily_aggregate,true,Factual administrative table extraction with attribution; no publication reuse license assumed,2026-09-10,"Angsana as reported; no tree IDs or measured growth/clearance. Counts are actions at a location, not individual training rows. February extraction is a partial daily subset; do not infer seasonality from this sample.",,,,,,,,,,,,,,,,,,,
jakarta_tamhut_2026-02-26,https://distamhut.jakarta.go.id/pemangkasan-pohon-info/2026-02-26,Pemangkasan Pohon 2026-02-26,Dinas Pertamanan dan Hutan Kota DKI Jakarta,2026,Jakarta; Cipete Utara; Jl Antasari,Indonesia,angsana,maintenance_event,,,,,,,,,,,,,,,,,,,,,2026-02-26,sedang=1,,,,,reported_tree_actions_count,1,tree_actions,1,official_location_daily_aggregate,true,Factual administrative table extraction with attribution; no publication reuse license assumed,2026-09-10,"Angsana as reported; no tree IDs or measured growth/clearance. Counts are actions at a location, not individual training rows. February extraction is a partial daily subset; do not infer seasonality from this sample.",,,,,,,,,,,,,,,,,,,
jakarta_tamhut_2026-02-26,https://distamhut.jakarta.go.id/pemangkasan-pohon-info/2026-02-26,Pemangkasan Pohon 2026-02-26,Dinas Pertamanan dan Hutan Kota DKI Jakarta,2026,Jakarta; Pekayon; Jl Raya Tengah RT 01/12 and Komplek Zeni Jl Swadaya,Indonesia,angsana,maintenance_event,,,,,,,,,,,,,,,,,,,,,2026-02-26,sedang=3,,,,,reported_tree_actions_count,3,tree_actions,3,official_location_daily_aggregate,true,Factual administrative table extraction with attribution; no publication reuse license assumed,2026-09-10,"Angsana as reported; no tree IDs or measured growth/clearance. Counts are actions at a location, not individual training rows. February extraction is a partial daily subset; do not infer seasonality from this sample.",,,,,,,,,,,,,,,,,,,
jakarta_tamhut_2026-02-26,https://distamhut.jakarta.go.id/pemangkasan-pohon-info/2026-02-26,Pemangkasan Pohon 2026-02-26,Dinas Pertamanan dan Hutan Kota DKI Jakarta,2026,Jakarta; Bale Kambang; Jl Sawo No 136 RT 08/01,Indonesia,angsana,maintenance_event,,,,,,,,,,,,,,,,,,,,,2026-02-26,sedang=3,,,,,reported_tree_actions_count,3,tree_actions,3,official_location_daily_aggregate,true,Factual administrative table extraction with attribution; no publication reuse license assumed,2026-09-10,"Angsana as reported; no tree IDs or measured growth/clearance. Counts are actions at a location, not individual training rows. February extraction is a partial daily subset; do not infer seasonality from this sample.",,,,,,,,,,,,,,,,,,,
jakarta_tamhut_2026-02-26,https://distamhut.jakarta.go.id/pemangkasan-pohon-info/2026-02-26,Pemangkasan Pohon 2026-02-26,Dinas Pertamanan dan Hutan Kota DKI Jakarta,2026,Jakarta; Cipinang Muara; Wilayah RT 7/14,Indonesia,angsana,maintenance_event,,,,,,,,,,,,,,,,,,,,,2026-02-26,sedang=11;berat=3,,,,,reported_tree_actions_count,14,tree_actions,14,official_location_daily_aggregate,true,Factual administrative table extraction with attribution; no publication reuse license assumed,2026-09-10,"Angsana as reported; no tree IDs or measured growth/clearance. Counts are actions at a location, not individual training rows. February extraction is a partial daily subset; do not infer seasonality from this sample.",,,,,,,,,,,,,,,,,,,
jakarta_tamhut_2026-02-26,https://distamhut.jakarta.go.id/pemangkasan-pohon-info/2026-02-26,Pemangkasan Pohon 2026-02-26,Dinas Pertamanan dan Hutan Kota DKI Jakarta,2026,Jakarta; Klender; Jl Pahlawan Revolusi RT 3/8,Indonesia,angsana,maintenance_event,,,,,,,,,,,,,,,,,,,,,2026-02-26,sedang=2;tebang=1,,,,,reported_tree_actions_count,3,tree_actions,3,official_location_daily_aggregate,true,Factual administrative table extraction with attribution; no publication reuse license assumed,2026-09-10,"Angsana as reported; no tree IDs or measured growth/clearance. Counts are actions at a location, not individual training rows. February extraction is a partial daily subset; do not infer seasonality from this sample.",,,,,,,,,,,,,,,,,,,
jakarta_tamhut_2026-02-26,https://distamhut.jakarta.go.id/pemangkasan-pohon-info/2026-02-26,Pemangkasan Pohon 2026-02-26,Dinas Pertamanan dan Hutan Kota DKI Jakarta,2026,Jakarta; Utan Kayu Utara; Area GOR Matraman,Indonesia,angsana,maintenance_event,,,,,,,,,,,,,,,,,,,,,2026-02-26,sedang=4;berat=5,,,,,reported_tree_actions_count,9,tree_actions,9,official_location_daily_aggregate,true,Factual administrative table extraction with attribution; no publication reuse license assumed,2026-09-10,"Angsana as reported; no tree IDs or measured growth/clearance. Counts are actions at a location, not individual training rows. February extraction is a partial daily subset; do not infer seasonality from this sample.",,,,,,,,,,,,,,,,,,,
jakarta_tamhut_2026-02-26,https://distamhut.jakarta.go.id/pemangkasan-pohon-info/2026-02-26,Pemangkasan Pohon 2026-02-26,Dinas Pertamanan dan Hutan Kota DKI Jakarta,2026,Jakarta; Gelora; Jl Gerbang Pemuda,Indonesia,angsana,maintenance_event,,,,,,,,,,,,,,,,,,,,,2026-02-26,berat=2,,,,,reported_tree_actions_count,2,tree_actions,2,official_location_daily_aggregate,true,Factual administrative table extraction with attribution; no publication reuse license assumed,2026-09-10,"Angsana as reported; no tree IDs or measured growth/clearance. Counts are actions at a location, not individual training rows. February extraction is a partial daily subset; do not infer seasonality from this sample.",,,,,,,,,,,,,,,,,,,
jakarta_tamhut_2026-04-27,https://distamhut.jakarta.go.id/pemangkasan-pohon-info/2026-04-27,Pemangkasan Pohon 2026-04-27,Dinas Pertamanan dan Hutan Kota DKI Jakarta,2026,Jakarta; Tanjung Barat; jl tanjung 16,Indonesia,angsana,maintenance_event,,,,,,,,,,,,,,,,,,,,,2026-04-27,sedang=1;berat=2,,,,,reported_tree_actions_count,3,tree_actions,3,official_location_daily_aggregate,true,Factual administrative table extraction with attribution; no publication reuse license assumed,2026-09-10,"Angsana as reported; no tree IDs or measured growth/clearance. Counts are actions at a location, not individual training rows. February extraction is a partial daily subset; do not infer seasonality from this sample.",,,,,,,,,,,,,,,,,,,
jakarta_tamhut_2026-04-27,https://distamhut.jakarta.go.id/pemangkasan-pohon-info/2026-04-27,Pemangkasan Pohon 2026-04-27,Dinas Pertamanan dan Hutan Kota DKI Jakarta,2026,Jakarta; Cilangkap; Jl Raya Cilangkap No 15 RT 002,Indonesia,angsana,maintenance_event,,,,,,,,,,,,,,,,,,,,,2026-04-27,sedang=3,,,,,reported_tree_actions_count,3,tree_actions,3,official_location_daily_aggregate,true,Factual administrative table extraction with attribution; no publication reuse license assumed,2026-09-10,"Angsana as reported; no tree IDs or measured growth/clearance. Counts are actions at a location, not individual training rows. February extraction is a partial daily subset; do not infer seasonality from this sample.",,,,,,,,,,,,,,,,,,,
jakarta_tamhut_2026-04-27,https://distamhut.jakarta.go.id/pemangkasan-pohon-info/2026-04-27,Pemangkasan Pohon 2026-04-27,Dinas Pertamanan dan Hutan Kota DKI Jakarta,2026,Jakarta; Malaka Sari; Jl Taman Malaka Selatan,Indonesia,angsana,maintenance_event,,,,,,,,,,,,,,,,,,,,,2026-04-27,sedang=1,,,,,reported_tree_actions_count,1,tree_actions,1,official_location_daily_aggregate,true,Factual administrative table extraction with attribution; no publication reuse license assumed,2026-09-10,"Angsana as reported; no tree IDs or measured growth/clearance. Counts are actions at a location, not individual training rows. February extraction is a partial daily subset; do not infer seasonality from this sample.",,,,,,,,,,,,,,,,,,,
jakarta_tamhut_2026-04-27,https://distamhut.jakarta.go.id/pemangkasan-pohon-info/2026-04-27,Pemangkasan Pohon 2026-04-27,Dinas Pertamanan dan Hutan Kota DKI Jakarta,2026,Jakarta; Pulo Gebang; Jl Pulo Halmahera RT 10/9 and Jl Pulo Gebang RT 10/9,Indonesia,angsana,maintenance_event,,,,,,,,,,,,,,,,,,,,,2026-04-27,ringan=2,,,,,reported_tree_actions_count,2,tree_actions,2,official_location_daily_aggregate,true,Factual administrative table extraction with attribution; no publication reuse license assumed,2026-09-10,"Angsana as reported; no tree IDs or measured growth/clearance. Counts are actions at a location, not individual training rows. February extraction is a partial daily subset; do not infer seasonality from this sample.",,,,,,,,,,,,,,,,,,,
jakarta_tamhut_2026-04-27,https://distamhut.jakarta.go.id/pemangkasan-pohon-info/2026-04-27,Pemangkasan Pohon 2026-04-27,Dinas Pertamanan dan Hutan Kota DKI Jakarta,2026,Jakarta; Kayu Putih; Jl Tener No 2 RT 10/02 and Jl Alu-Alu No 10 RT 13/07,Indonesia,angsana,maintenance_event,,,,,,,,,,,,,,,,,,,,,2026-04-27,sedang=3,,,,,reported_tree_actions_count,3,tree_actions,3,official_location_daily_aggregate,true,Factual administrative table extraction with attribution; no publication reuse license assumed,2026-09-10,"Angsana as reported; no tree IDs or measured growth/clearance. Counts are actions at a location, not individual training rows. February extraction is a partial daily subset; do not infer seasonality from this sample.",,,,,,,,,,,,,,,,,,,
jakarta_tamhut_2026-04-27,https://distamhut.jakarta.go.id/pemangkasan-pohon-info/2026-04-27,Pemangkasan Pohon 2026-04-27,Dinas Pertamanan dan Hutan Kota DKI Jakarta,2026,Jakarta; Kebon Manggis; Jl Kesatrian Depan Mes Padya,Indonesia,angsana,maintenance_event,,,,,,,,,,,,,,,,,,,,,2026-04-27,tebang=1,,,,,reported_tree_actions_count,1,tree_actions,1,official_location_daily_aggregate,true,Factual administrative table extraction with attribution; no publication reuse license assumed,2026-09-10,"Angsana as reported; no tree IDs or measured growth/clearance. Counts are actions at a location, not individual training rows. February extraction is a partial daily subset; do not infer seasonality from this sample.",,,,,,,,,,,,,,,,,,,
jakarta_tamhut_2026-04-27,https://distamhut.jakarta.go.id/pemangkasan-pohon-info/2026-04-27,Pemangkasan Pohon 2026-04-27,Dinas Pertamanan dan Hutan Kota DKI Jakarta,2026,Jakarta; Harapan Mulya; Jl Letjen Suprapto,Indonesia,angsana,maintenance_event,,,,,,,,,,,,,,,,,,,,,2026-04-27,ringan=6,,,,,reported_tree_actions_count,6,tree_actions,6,official_location_daily_aggregate,true,Factual administrative table extraction with attribution; no publication reuse license assumed,2026-09-10,"Angsana as reported; no tree IDs or measured growth/clearance. Counts are actions at a location, not individual training rows. February extraction is a partial daily subset; do not infer seasonality from this sample.",,,,,,,,,,,,,,,,,,,
jakarta_tamhut_2026-04-27,https://distamhut.jakarta.go.id/pemangkasan-pohon-info/2026-04-27,Pemangkasan Pohon 2026-04-27,Dinas Pertamanan dan Hutan Kota DKI Jakarta,2026,Jakarta; Srengseng; Jl Srengseng Raya RT 4 RW 7,Indonesia,angsana,maintenance_event,,,,,,,,,,,,,,,,,,,,,2026-04-27,berat=2,,,,,reported_tree_actions_count,2,tree_actions,2,official_location_daily_aggregate,true,Factual administrative table extraction with attribution; no publication reuse license assumed,2026-09-10,"Angsana as reported; no tree IDs or measured growth/clearance. Counts are actions at a location, not individual training rows. February extraction is a partial daily subset; do not infer seasonality from this sample.",,,,,,,,,,,,,,,,,,,
jakarta_tamhut_2026-04-27,https://distamhut.jakarta.go.id/pemangkasan-pohon-info/2026-04-27,Pemangkasan Pohon 2026-04-27,Dinas Pertamanan dan Hutan Kota DKI Jakarta,2026,Jakarta; Kembangan Selatan; Jl Keadilan RT 4 RW 7,Indonesia,angsana,maintenance_event,,,,,,,,,,,,,,,,,,,,,2026-04-27,sedang=12,,,,,reported_tree_actions_count,12,tree_actions,12,official_location_daily_aggregate,true,Factual administrative table extraction with attribution; no publication reuse license assumed,2026-09-10,"Angsana as reported; no tree IDs or measured growth/clearance. Counts are actions at a location, not individual training rows. February extraction is a partial daily subset; do not infer seasonality from this sample.",,,,,,,,,,,,,,,,,,,
jakarta_tamhut_2026-04-27,https://distamhut.jakarta.go.id/pemangkasan-pohon-info/2026-04-27,Pemangkasan Pohon 2026-04-27,Dinas Pertamanan dan Hutan Kota DKI Jakarta,2026,Jakarta; Tomang; Jl Gelong Baru RT 5 RW 6,Indonesia,angsana,maintenance_event,,,,,,,,,,,,,,,,,,,,,2026-04-27,sedang=1,,,,,reported_tree_actions_count,1,tree_actions,1,official_location_daily_aggregate,true,Factual administrative table extraction with attribution; no publication reuse license assumed,2026-09-10,"Angsana as reported; no tree IDs or measured growth/clearance. Counts are actions at a location, not individual training rows. February extraction is a partial daily subset; do not infer seasonality from this sample.",,,,,,,,,,,,,,,,,,,
jakarta_tamhut_2026-04-27,https://distamhut.jakarta.go.id/pemangkasan-pohon-info/2026-04-27,Pemangkasan Pohon 2026-04-27,Dinas Pertamanan dan Hutan Kota DKI Jakarta,2026,Jakarta; Tangki; Jl Tangki Lio RT 5 RW 3,Indonesia,angsana,maintenance_event,,,,,,,,,,,,,,,,,,,,,2026-04-27,ringan=3,,,,,reported_tree_actions_count,3,tree_actions,3,official_location_daily_aggregate,true,Factual administrative table extraction with attribution; no publication reuse license assumed,2026-09-10,"Angsana as reported; no tree IDs or measured growth/clearance. Counts are actions at a location, not individual training rows. February extraction is a partial daily subset; do not infer seasonality from this sample.",,,,,,,,,,,,,,,,,,,
jakarta_tamhut_2026-04-27,https://distamhut.jakarta.go.id/pemangkasan-pohon-info/2026-04-27,Pemangkasan Pohon 2026-04-27,Dinas Pertamanan dan Hutan Kota DKI Jakarta,2026,Jakarta; Pluit; Jl Pluit Selatan,Indonesia,angsana,maintenance_event,,,,,,,,,,,,,,,,,,,,,2026-04-27,ringan=5;sedang=7,,,,,reported_tree_actions_count,12,tree_actions,12,official_location_daily_aggregate,true,Factual administrative table extraction with attribution; no publication reuse license assumed,2026-09-10,"Angsana as reported; no tree IDs or measured growth/clearance. Counts are actions at a location, not individual training rows. February extraction is a partial daily subset; do not infer seasonality from this sample.",,,,,,,,,,,,,,,,,,,
jakarta_tamhut_2026-04-27,https://distamhut.jakarta.go.id/pemangkasan-pohon-info/2026-04-27,Pemangkasan Pohon 2026-04-27,Dinas Pertamanan dan Hutan Kota DKI Jakarta,2026,Jakarta; Sungai Bambu; Jl Gorontalo Raya,Indonesia,angsana,maintenance_event,,,,,,,,,,,,,,,,,,,,,2026-04-27,sedang=2,,,,,reported_tree_actions_count,2,tree_actions,2,official_location_daily_aggregate,true,Factual administrative table extraction with attribution; no publication reuse license assumed,2026-09-10,"Angsana as reported; no tree IDs or measured growth/clearance. Counts are actions at a location, not individual training rows. February extraction is a partial daily subset; do not infer seasonality from this sample.",,,,,,,,,,,,,,,,,,,
jakarta_tamhut_2026-04-27,https://distamhut.jakarta.go.id/pemangkasan-pohon-info/2026-04-27,Pemangkasan Pohon 2026-04-27,Dinas Pertamanan dan Hutan Kota DKI Jakarta,2026,Jakarta; Pegangsaan Dua; Jl Arteri Klp Gading,Indonesia,angsana,maintenance_event,,,,,,,,,,,,,,,,,,,,,2026-04-27,tebang=1,,,,,reported_tree_actions_count,1,tree_actions,1,official_location_daily_aggregate,true,Factual administrative table extraction with attribution; no publication reuse license assumed,2026-09-10,"Angsana as reported; no tree IDs or measured growth/clearance. Counts are actions at a location, not individual training rows. February extraction is a partial daily subset; do not infer seasonality from this sample.",,,,,,,,,,,,,,,,,,,
surabaya_dkrth_2020_report,https://www.ngopibareng.id/read/132-pohon-angsana-dipangkas-oleh-dkrth-dalam-dua-hari-1975512,Cegah Tumbang 132 Pohon Angsana di Surabaya Dikepras,Ngopibareng.id; DKRTH statement by Hendri Setianto,2020,Surabaya; Jl Ahmad Yani,Indonesia,angsana,maintenance_event,,,,,,,,,,,,,,,,,,,,,2020-01-11,,Reduce tree-fall risk during rainy season,,,,reported_pruned_trees_count,98,tree_actions,98,secondary_report_named_official,true,Ngopibareng.id all rights reserved; factual numeric extraction only with attribution,2026-09-10,Alief Sambogo; Dyah Ayu Pitaloka; report published 2020-01-13. Agency statement totals 132 over two days. No individual identities or clearance; severity category unavailable. Historical evidence outside current acquisition geography.,,,,,,,,,,,,,,,,,,,
surabaya_dkrth_2020_report,https://www.ngopibareng.id/read/132-pohon-angsana-dipangkas-oleh-dkrth-dalam-dua-hari-1975512,Cegah Tumbang 132 Pohon Angsana di Surabaya Dikepras,Ngopibareng.id; DKRTH statement by Hendri Setianto,2020,Surabaya; Jl Raya Darmo,Indonesia,angsana,maintenance_event,,,,,,,,,,,,,,,,,,,,,2020-01-12,,Reduce tree-fall risk during rainy season,,,,reported_pruned_trees_count,34,tree_actions,34,secondary_report_named_official,true,Ngopibareng.id all rights reserved; factual numeric extraction only with attribution,2026-09-10,Alief Sambogo; Dyah Ayu Pitaloka; report published 2020-01-13. Agency statement totals 132 over two days. No individual identities or clearance; severity category unavailable. Historical evidence outside current acquisition geography.,,,,,,,,,,,,,,,,,,,
jakbar_sukabumi_20260818,https://barat.jakarta.go.id/berita/antisipasi-pohon-tumbang-pohon-angsana-di-sukabumi-selatan-dipangkas,Antisipasi Pohon Tumbang Pohon Angsana di Sukabumi Selatan Dipangkas,Kota Administrasi Jakarta Barat,2026,Sukabumi Selatan; Jalan H Sholeh 1 RT 05 RW 03,Indonesia,angsana,maintenance_event,,,,,,,,,,,,,,,,,,,,,2026-08-18,,Tree-fall risk prevention,,,,reported_pruned_trees_count,1,tree_actions,1,official_single_maintenance_event,true,Sudin Kominfotik Jakarta Barat copyright; factual numeric extraction with attribution,2026-09-10,Valdano; one large Angsana reported. No stable tree identifier or geometry measurements; maintenance event is not a days-to-action or closure-rate label.,,,,,,,,,,,,,,,,,,,
