standard_id,standard_version,support_family,support_spec,nominal_length_m,working_load_daN,top_diameter_mm,bottom_diameter_mm,nominal_taper,standard_buried_fraction_rule,mark_height_above_ground_m,source_url,publisher,accessed_date,usage_terms,notes
SPLN D3.019-2,2021,beton_pratekan,9/200 (157),9,200,157,277,1/75,1/6,4.0,https://id.scribd.com/document/648073225/Spesifikasi-Tiang,PT PLN (Persero),2026-09-03,Factual dimensions only; copyright retained,Base pole only; supplement dimensions not assumed
SPLN D3.019-2,2021,beton_pratekan,9/350 (190),9,350,190,310,1/75,1/6,4.0,https://id.scribd.com/document/648073225/Spesifikasi-Tiang,PT PLN (Persero),2026-09-03,Factual dimensions only; copyright retained,Base pole only; supplement dimensions not assumed
SPLN D3.019-2,2021,beton_pratekan,11/200 (190),11,200,190,337,1/75,1/6,4.0,https://id.scribd.com/document/648073225/Spesifikasi-Tiang,PT PLN (Persero),2026-09-03,Factual dimensions only; copyright retained,Base pole only; supplement dimensions not assumed
SPLN D3.019-2,2021,beton_pratekan,11/350 (190),11,350,190,337,1/75,1/6,4.0,https://id.scribd.com/document/648073225/Spesifikasi-Tiang,PT PLN (Persero),2026-09-03,Factual dimensions only; copyright retained,Base pole only; supplement dimensions not assumed
SPLN D3.019-2,2021,beton_pratekan,12/200 (190),12,200,190,350,1/75,1/6,4.0,https://id.scribd.com/document/648073225/Spesifikasi-Tiang,PT PLN (Persero),2026-09-03,Factual dimensions only; copyright retained,Base pole only; supplement dimensions not assumed
SPLN D3.019-2,2021,beton_pratekan,12/350 (190),12,350,190,350,1/75,1/6,4.0,https://id.scribd.com/document/648073225/Spesifikasi-Tiang,PT PLN (Persero),2026-09-03,Factual dimensions only; copyright retained,Base pole only; supplement dimensions not assumed
SPLN D3.019-2,2021,beton_pratekan,12/500 (190),12,500,190,350,1/75,1/6,4.0,https://id.scribd.com/document/648073225/Spesifikasi-Tiang,PT PLN (Persero),2026-09-03,Factual dimensions only; copyright retained,Base pole only; supplement dimensions not assumed
SPLN D3.019-2,2021,beton_pratekan,13/350 (190),13,350,190,363,1/75,1/6,4.0,https://id.scribd.com/document/648073225/Spesifikasi-Tiang,PT PLN (Persero),2026-09-03,Factual dimensions only; copyright retained,Base pole only; supplement dimensions not assumed
SPLN D3.019-2,2021,beton_pratekan,13/500 (190),13,500,190,363,1/75,1/6,4.0,https://id.scribd.com/document/648073225/Spesifikasi-Tiang,PT PLN (Persero),2026-09-03,Factual dimensions only; copyright retained,Base pole only; supplement dimensions not assumed
SPLN D3.019-2,2021,beton_pratekan,14/350 (190),14,350,190,377,1/75,1/6,4.0,https://id.scribd.com/document/648073225/Spesifikasi-Tiang,PT PLN (Persero),2026-09-03,Factual dimensions only; copyright retained,Base pole only; supplement dimensions not assumed
SPLN D3.019-2,2021,beton_pratekan,14/500 (190),14,500,190,377,1/75,1/6,4.0,https://id.scribd.com/document/648073225/Spesifikasi-Tiang,PT PLN (Persero),2026-09-03,Factual dimensions only; copyright retained,Base pole only; supplement dimensions not assumed
